<?xml version="1.0" encoding="UTF-8"?>
<jcr:root xmlns:sling="http://sling.apache.org/jcr/sling/1.0" xmlns:cq="http://www.day.com/jcr/cq/1.0" xmlns:jcr="http://www.jcp.org/jcr/1.0" xmlns:nt="http://www.jcp.org/jcr/nt/1.0"
    jcr:primaryType="nt:unstructured"
    jcr:title="My Component"
    sling:resourceType="cq/gui/components/authoring/dialog">
    <content
        jcr:primaryType="nt:unstructured"
        sling:resourceType="granite/ui/components/foundation/container">
        <layout
            jcr:primaryType="nt:unstructured"
            sling:resourceType="granite/ui/components/foundation/layouts/fixedcolumns"/>
        <items jcr:primaryType="nt:unstructured">
            <column
                jcr:primaryType="nt:unstructured"
                sling:resourceType="granite/ui/components/foundation/container">
                <items jcr:primaryType="nt:unstructured">
                    <generalTab
                        jcr:primaryType="nt:unstructured"
                        jcr:title="Tab 1"
                        sling:resourceType="granite/ui/components/foundation/section">
                        <layout
                            jcr:primaryType="nt:unstructured"
                            sling:resourceType="granite/ui/components/foundation/layouts/fixedcolumns"
                            margin="{Boolean}false"/>
                        <items jcr:primaryType="nt:unstructured">
                            <column
                                jcr:primaryType="nt:unstructured"
                                sling:resourceType="granite/ui/components/foundation/container">
                                <items jcr:primaryType="nt:unstructured">
                                    <label
                                        jcr:primaryType="nt:unstructured"
                                        sling:resourceType="granite/ui/components/foundation/form/textfield"
                                        fieldLabel="Label"
                                        name="./label"/>
                                    <link
                                        jcr:primaryType="nt:unstructured"
                                        sling:resourceType="granite/ui/components/foundation/form/pathbrowser"
                                        fieldDescription="558x 04 px or 368x134 px"
                                        fieldLabel="Link"
                                        name="./link"
                                        rootPath="/content/companyproject"/>
                                    <openNewTab
                                        jcr:primaryType="nt:unstructured"
                                        sling:resourceType="granite/ui/components/foundation/form/checkbox"
                                        checked="true"
                                        name="./openNewTab"
                                        text="Open new tab"
                                        value="true"/>
                                </items>
                            </column>
                        </items>
                    </generalTab>
                </items>
            </column>
        </items>
    </content>
</jcr:root>
