<?xml version="1.0" encoding="UTF-8"?>
<jcr:root xmlns:sling="http://sling.apache.org/jcr/sling/1.0" xmlns:cq="http://www.day.com/jcr/cq/1.0" xmlns:jcr="http://www.jcp.org/jcr/1.0" xmlns:nt="http://www.jcp.org/jcr/nt/1.0"
    jcr:primaryType="nt:unstructured">
    <content jcr:primaryType="nt:unstructured">
        <items jcr:primaryType="nt:unstructured">
            <tabs jcr:primaryType="nt:unstructured">
                <items jcr:primaryType="nt:unstructured">
                    <basic jcr:primaryType="nt:unstructured">
                        <items jcr:primaryType="nt:unstructured">
                            <column jcr:primaryType="nt:unstructured">
                                <items jcr:primaryType="nt:unstructured">
                                    <title jcr:primaryType="nt:unstructured">
                                        <items jcr:primaryType="nt:unstructured">
                                            <title
                                                jcr:primaryType="nt:unstructured"
                                                sling:orderBefore="pagename"
                                                fieldLabel="Title (in first position!)"
                                                allowBulkEdit="true"/>
                                        </items>
                                    </title>
                                    <moretitles
                                        cq:showOnCreate="{Boolean}false"
                                        jcr:primaryType="nt:unstructured"/>
                                </items>
                            </column>
                        </items>
                    </basic>
                    <advanced
                        cq:showOnCreate="{Boolean}false"
                        jcr:primaryType="nt:unstructured"/>
                </items>
            </tabs>
        </items>
    </content>
</jcr:root>
