<?xml version="1.0" encoding="UTF-8"?>
<jcr:root xmlns:sling="http://sling.apache.org/jcr/sling/1.0" xmlns:cq="http://www.day.com/jcr/cq/1.0" xmlns:jcr="http://www.jcp.org/jcr/1.0" xmlns:nt="http://www.jcp.org/jcr/nt/1.0"
    jcr:primaryType="nt:unstructured"
    jcr:title="Popular Today"
    sling:resourceType="cq/gui/components/authoring/dialog">
    <content
        jcr:primaryType="nt:unstructured"
        sling:resourceType="granite/ui/components/foundation/container">
        <layout
            jcr:primaryType="nt:unstructured"
            sling:resourceType="granite/ui/components/foundation/layouts/fixedcolumns"/>
        <items jcr:primaryType="nt:unstructured">
            <column
                jcr:primaryType="nt:unstructured"
                sling:resourceType="granite/ui/components/foundation/container">
                <items jcr:primaryType="nt:unstructured">
                    <childPages
                        jcr:primaryType="nt:unstructured"
                        sling:resourceType="granite/ui/components/foundation/form/multifield"
                        class="full-width with-fieldspanel"
                        fieldDescription="List of Activities"
                        fieldLabel="Activities"
                        maxItems="{Long}5"
                        minItems="{Long}1"
                        required="{Boolean}true">
                        <field
                            jcr:primaryType="nt:unstructured"
                            sling:resourceType="granite/ui/components/foundation/form/select"
                            name="./childnode"
                            panel-eaem-nested="">
                            <datasource
                                jcr:primaryType="nt:unstructured"
                                sling:resourceType="/apps/companyproject/components/datasource/mylist/mylist.html"
                                />
                        </field>
                    </childPages>
                </items>
            </column>
        </items>
    </content>
</jcr:root>
