<?xml version="1.0" encoding="UTF-8"?>
<jcr:root xmlns:sling="http://sling.apache.org/jcr/sling/1.0" xmlns:cq="http://www.day.com/jcr/cq/1.0" xmlns:jcr="http://www.jcp.org/jcr/1.0" xmlns:nt="http://www.jcp.org/jcr/nt/1.0"
    jcr:primaryType="nt:unstructured"
    jcr:title="Article Body - Video"
    sling:resourceType="cq/gui/components/authoring/dialog">
    <content
        jcr:primaryType="nt:unstructured"
        sling:resourceType="granite/ui/components/foundation/container">
        <layout
            jcr:primaryType="nt:unstructured"
            sling:resourceType="granite/ui/components/foundation/layouts/fixedcolumns"/>
        <items jcr:primaryType="nt:unstructured">
            <column
                jcr:primaryType="nt:unstructured"
                sling:resourceType="granite/ui/components/foundation/container">
                <items jcr:primaryType="nt:unstructured">
                    <generalTab
                        jcr:primaryType="nt:unstructured"
                        jcr:title="Article Video"
                        sling:resourceType="granite/ui/components/foundation/section">
                        <layout
                            jcr:primaryType="nt:unstructured"
                            sling:resourceType="granite/ui/components/foundation/layouts/fixedcolumns"
                            margin="{Boolean}false"/>
                        <items jcr:primaryType="nt:unstructured">
                            <column
                                jcr:primaryType="nt:unstructured"
                                sling:resourceType="granite/ui/components/foundation/container">
                                <items jcr:primaryType="nt:unstructured">
                                    <style
                                        jcr:primaryType="nt:unstructured"
                                        sling:resourceType="granite/ui/components/foundation/form/select"
                                        class="cq-dialog-select-media"
                                        emptyText="Select"
                                        fieldLabel="Style"
                                        id="mediaId"
                                        multiple="{Boolean}false"
                                        name="./style">
                                        <items jcr:primaryType="nt:unstructured">
                                            <no_padding
                                                jcr:primaryType="nt:unstructured"
                                                text="No Padding"
                                                value="No Padding"/>
                                            <padding_top
                                                jcr:primaryType="nt:unstructured"
                                                text="Padding Top"
                                                value="Padding Top"/>
                                            <padding_top_bottom
                                                jcr:primaryType="nt:unstructured"
                                                text="Padding Top Bottom"
                                                value="Padding Top Bottom"/>
                                            <padding_bottom
                                                jcr:primaryType="nt:unstructured"
                                                text="Padding Bottom"
                                                value="Padding Bottom"/>
                                        </items>
                                    </style>
                                </items>
                            </column>
                        </items>
                    </generalTab>
                </items>
            </column>
        </items>
    </content>
</jcr:root>
